DATE,age,bmr,body_fat,gender,goal_body_weight,goal_body_weight_intent,height,m_active_time,m_calories,m_distance,m_inactive_time,m_lcat,m_lcit,m_steps,m_total_calories,m_workout_count,m_workout_time,n_asleep_time,n_awake,n_awake_time,n_awakenings,n_bedtime,n_clinical_deep,n_count,n_deep,n_duration,n_light,n_quality,n_rem,s_asleep_time,s_awake,s_awake_time,s_awakenings,s_bedtime,s_clinical_deep,s_count,s_deep,s_duration,s_light,s_quality,s_rem,weight
20150101,30.827397260273973,1675.052283561644,,0,70.0,2,1.79,1556.0,108.283547699,2356.0,0.0,1407.0,0.0,2939.0,1783.3358312606438,0.0,0.0,,,,,,,,,,,,,,,,,,,,,,,,,67.0
20150102,30.83013698630137,1675.0337767123287,,0,70.0,2,1.79,3153.0,221.333282173,4745.0,17640.0,903.0,5580.0,5930.0,1896.3670588853288,0.0,0.0,,,,,,,,,,,,,,,,,,,,,,,,,67.0
20150103,30.832876712328765,1675.0152698630138,,0,70.0,2,1.79,,,,,,,,1675.0152698630138,,,,,,,,,,,,,,,,,,,,,,,,,,,67.0
20150104,30.835616438356166,1674.9967630136987,,0,70.0,2,1.79,3318.0,249.296108801,5277.0,26220.0,695.0,7380.0,6463.0,1924.2928718146986,0.0,0.0,,,,,,,,,,,,,,,,,,,,,,,,,67.0
20150105,30.838356164383562,1674.9782561643838,,0,70.0,2,1.79,4016.0,301.981205061,6261.0,24060.0,956.0,7500.0,7732.0,1976.9594612253838,0.0,0.0,,,,,,,,,,,,,,,,,,,,,,,,,67.0
20150106,30.84109589041096,1674.9597493150686,,0,70.0,2,1.79,3500.0,260.173149206,5567.0,24960.0,740.0,4200.0,6825.0,1935.1328985210687,0.0,0.0,,,,,,,,,,,,,,,,,,,,,,,,,67.0
20150107,30.843835616438355,1674.9412424657535,,0,70.0,2,1.79,5714.0,427.955403332,9072.0,23460.0,1127.0,4500.0,11134.0,2102.8966457977535,0.0,0.0,,,,,,,,,,,,,4139.0,7178.0,30900.0,3.0,-679.0,0.0,1.0,10860.0,24581.0,13721.0,68.0,0.0,67.0
20150108,30.846575342465755,1674.9227356164383,,0,70.0,2,1.79,3983.0,301.962099552,6451.0,24300.0,807.0,3720.0,7819.0,1976.8848351684383,0.0,0.0,,,,,,,,,,,,,,,,,,,,,,,,,67.0
20150109,30.84931506849315,1674.9042287671234,,0,70.0,2,1.79,5166.0,376.322696596,8018.0,24240.0,1121.0,4260.0,9930.0,2051.2269253631234,0.0,0.0,,,,,,,,,,,,,,,,,,,,,,,,,67.0
20150110,30.852054794520548,1674.8857219178083,,0,70.0,2,1.79,5210.0,574.009549871,10361.0,22440.0,1654.0,10080.0,11124.0,2248.8952717888083,0.0,0.0,,,,,,,,,,,,,10259.0,5145.0,42000.0,1.0,6461.0,0.0,1.0,16524.0,30934.0,14410.0,95.0,0.0,67.0
20150111,30.854794520547944,1674.8672150684931,,0,70.0,2,1.79,,,,,,,,1674.8672150684931,,,,,,,,,,,,,,,,,,,,,,,,,,,67.0
20150112,30.85753424657534,1674.8487082191782,,0,70.0,2,1.79,4556.0,368.350014418,7466.0,23700.0,744.0,3960.0,9015.0,2043.1987226371782,0.0,0.0,,,,,,,,,,,,,11219.0,2000.0,30900.0,1.0,9579.0,0.0,1.0,10581.0,19581.0,9000.0,57.0,0.0,67.0
20150113,30.86027397260274,1674.830201369863,,0,70.0,2,1.79,3481.0,285.904872179,5688.0,25080.0,704.0,6600.0,6878.0,1960.735073548863,0.0,0.0,,,,,,,,,,,,,6599.0,2141.0,29400.0,0.0,4729.0,0.0,1.0,10680.0,22860.0,12180.0,65.0,0.0,67.0
20150114,30.863013698630137,1674.811694520548,,0,70.0,2,1.79,5891.0,441.945481516,9206.0,22860.0,1145.0,6360.0,11367.0,2116.757176036548,0.0,0.0,,,,,,,,,,,,,5939.0,1494.0,30600.0,1.0,4925.0,0.0,1.0,11820.0,24241.0,12421.0,70.0,0.0,67.0
20150115,30.865753424657534,1674.793187671233,,0,70.0,2,1.79,5798.0,454.437909879,9483.0,22200.0,1296.0,5280.0,11528.0,2129.2310975502332,0.0,0.0,,,,,,,,,,,,,7799.0,2196.0,31500.0,1.0,6311.0,0.0,1.0,10260.0,23034.0,12774.0,64.0,0.0,67.0
20150116,30.86849315068493,1674.7746808219179,,0,70.0,2,1.79,4643.0,343.858645398,7340.0,23880.0,731.0,4440.0,9000.0,2018.6333262199178,0.0,0.0,,,,,,,,,,,,,5099.0,3751.0,30900.0,2.0,2454.0,0.0,1.0,10008.0,24863.0,14855.0,65.0,0.0,67.0
20150117,30.87123287671233,1674.756173972603,,0,70.0,2,1.79,,,,,,,,1674.756173972603,,,,,,,,,,,,,,,,,,,,,,,,,,,67.0
20150118,30.873972602739727,1674.7376671232878,,0,70.0,2,1.79,2079.0,161.529078007,3362.0,28800.0,764.0,28800.0,4086.0,1836.2667451302877,0.0,0.0,,,,,,,,,,,,,,,,,,,,,,,,,67.0
20150119,30.876712328767123,1674.7191602739726,,0,70.0,2,1.79,4830.0,339.949412033,7423.0,22440.0,1013.0,4680.0,9222.0,2014.6685723069727,0.0,0.0,,,,,,,,,,,,,6059.0,7823.0,30600.0,1.0,-1062.0,0.0,1.0,13619.0,24077.0,10458.0,73.0,0.0,67.0
20150120,30.87945205479452,1674.7006534246575,,0,70.0,2,1.79,4810.0,353.614209905,7457.0,22020.0,784.0,3240.0,9212.0,2028.3148633296576,0.0,0.0,,,,,,,,,,,,,7139.0,6883.0,30300.0,0.0,299.0,0.0,1.0,14040.0,23400.0,9360.0,72.0,0.0,67.0
20150121,30.882191780821916,1674.6821465753426,,0,70.0,2,1.79,6270.0,514.446455136,10364.0,19020.0,1321.0,2220.0,12476.0,2189.1286017113425,0.0,0.0,,,,,,,,,,,,,,,,,,,,,,,,,67.0
20150122,30.884931506849316,1674.6636397260274,,0,70.0,2,1.79,5691.0,422.922492184,8736.0,21180.0,980.0,3660.0,10808.0,2097.5861319100277,0.0,0.0,,,,,,,,,,,,,5099.0,3318.0,26700.0,0.0,2509.0,0.0,1.0,11940.0,21612.0,9672.0,64.0,0.0,67.0
20150123,30.887671232876713,1674.6451328767125,,0,70.0,2,1.79,4528.0,343.096727598,7097.0,22860.0,1208.0,5100.0,8732.0,2017.7418604747124,0.0,0.0,,,,,,,,,,,,,3659.0,762.0,23700.0,0.0,2958.0,0.0,1.0,10260.0,20160.0,9900.0,58.0,0.0,67.0
20150124,30.89041095890411,1674.6266260273974,,0,70.0,2,1.79,,,,,,,,1674.6266260273974,,,,,,,,,,,,,,,,,,,,,,,,,,,67.0
20150125,30.893150684931506,1674.6081191780822,,0,70.0,2,1.79,1790.0,151.11513358331,3049.0,28680.0,1723.0,17100.0,3663.0,1825.7232527613924,0.0,0.0,,,,,,,,,,,,,8519.0,5881.0,42000.0,2.0,6959.0,0.0,1.0,13741.0,29251.0,15510.0,85.0,0.0,67.0
20150126,30.895890410958906,1674.589612328767,,0,70.0,2,1.79,4329.0,355.8023008,7139.0,21660.0,820.0,2880.0,8601.0,2030.391913128767,0.0,0.0,,,,,,,,,,,,,8339.0,4939.0,30900.0,0.0,3403.0,0.0,1.0,9600.0,22588.0,12988.0,62.0,0.0,67.0
20150127,30.898630136986302,1674.5711054794522,,0,70.0,2,1.79,4606.0,365.792807594,7494.0,23760.0,1125.0,5160.0,9085.0,2040.3639130734523,0.0,0.0,,,,,,,,,,,,,5099.0,6196.0,31200.0,2.0,1980.0,0.0,1.0,11460.0,23089.0,11629.0,67.0,0.0,67.0
20150128,30.9013698630137,1674.552598630137,,0,70.0,2,1.79,4944.0,380.979295999,7926.0,23640.0,1676.0,4680.0,9638.0,2055.5318946291372,0.0,0.0,,,,,,,,,,,,,4319.0,3408.0,31200.0,0.0,912.0,0.0,1.0,9780.0,27122.0,17342.0,71.0,0.0,67.0
20150129,30.904109589041095,1674.534091780822,,0,70.0,2,1.79,3794.0,308.376368277,6246.0,23760.0,796.0,3960.0,7561.0,1982.910460057822,0.0,0.0,,,,,,,,,,,,,,,,,,,,,,,,,67.0
20150130,30.90684931506849,1674.515584931507,,0,70.0,2,1.79,4324.0,333.743058696,6959.0,22260.0,760.0,5520.0,8499.0,2008.258643627507,0.0,0.0,2963.0,1035.0,4500.0,0.0,2963.0,0.0,1.0,505.0,505.0,0.0,2.0,0.0,5399.0,1602.0,31800.0,1.0,4504.0,0.0,1.0,8760.0,25777.0,17017.0,67.0,0.0,67.0
20150131,30.90958904109589,1674.4970780821918,,0,70.0,2,1.79,,,,,,,,1674.4970780821918,,,,,,,,,,,,,,,,,,,,,,,,,,,67.0
20150201,30.912328767123288,1674.4785712328767,,0,70.0,2,1.79,194.0,12.681516856,314.0,13440.0,110.0,10680.0,375.0,1687.1600880888766,0.0,0.0,,,,,,,,,,,,,12599.0,3383.0,43200.0,0.0,10306.0,0.0,1.0,16372.0,30771.0,14399.0,92.0,0.0,67.0
20150202,30.915068493150685,1674.4600643835618,,0,70.0,2,1.79,3569.0,287.359095901,5906.0,24180.0,683.0,4380.0,7096.0,1961.8191602845618,0.0,0.0,,,,,,,,,,,,,,,,,,,,,,,,,67.0
20150203,30.91780821917808,1674.4415575342466,,0,70.0,2,1.79,3376.0,259.216883615,5374.0,23340.0,824.0,4620.0,6565.0,1933.6584411492465,0.0,0.0,,,,,,,,,,,,,6059.0,2975.0,22200.0,0.0,3805.0,0.0,1.0,8280.0,16260.0,7980.0,48.0,0.0,67.0
20150204,30.92054794520548,1674.4230506849317,,0,70.0,2,1.79,8365.0,628.230025411,12997.0,21360.0,1046.0,3540.0,16050.0,2302.6530760959317,0.0,0.0,,,,,,,,,,,,,3479.0,3591.0,24000.0,0.0,669.0,0.0,1.0,15540.0,20700.0,5160.0,69.0,0.0,67.0
20150205,30.923287671232877,1674.4045438356166,,0,70.0,2,1.79,3812.0,328.837244216,6462.0,23880.0,1000.0,6000.0,7679.0,2003.2417880516166,0.0,0.0,,,,,,,,,,,,,5759.0,1539.0,31800.0,1.0,4517.0,0.0,1.0,11064.0,25864.0,14800.0,71.0,0.0,67.0
20150206,30.926027397260274,1674.3860369863014,,0,70.0,2,1.79,6041.0,484.143131912,9926.0,23340.0,818.0,4140.0,11934.0,2158.5291688983016,0.0,0.0,,,,,,,,,,,,,9659.0,1875.0,26700.0,1.0,8388.0,0.0,1.0,12444.0,16464.0,4020.0,55.0,0.0,67.0
20150207,30.92876712328767,1674.3675301369863,,0,70.0,2,1.79,2737.0,200.112521395,4272.0,11100.0,1170.0,5460.0,5252.0,1874.4800515319862,0.0,0.0,,,,,,,,,,,,,,,,,,,,,,,,,67.0
20150208,30.931506849315067,1674.3490232876713,,0,70.0,2,1.79,2825.0,206.693993956,4360.0,22920.0,372.0,6120.0,5390.0,1881.0430172436713,0.0,0.0,,,,,,,,,,,,,,,,,,,,,,,,,67.0
20150209,30.934246575342467,1674.3305164383562,,0,70.0,2,1.79,4010.0,358.257587641,6923.0,24120.0,729.0,3840.0,8156.0,2032.588104079356,0.0,0.0,,,,,,,,,,,,,3299.0,8139.0,25500.0,2.0,-438.0,0.0,1.0,12840.0,20820.0,7980.0,66.0,0.0,67.0
20150210,30.936986301369863,1674.3120095890413,,0,70.0,2,1.79,2883.0,201.643225737,4200.0,20820.0,564.0,6360.0,5293.0,1875.9552353260412,0.0,0.0,,,,,,,,,,,,,5159.0,3657.0,23700.0,1.0,2128.0,0.0,1.0,9360.0,18095.0,8735.0,53.0,0.0,67.0
20150211,30.93972602739726,1674.2935027397261,,0,70.0,2,1.79,3806.0,297.919316739,6135.0,22860.0,800.0,4080.0,7479.0,1972.212819478726,0.0,0.0,,,,,,,,,,,,,,,,,,,,,,,,,67.0
20150212,30.942465753424656,1674.274995890411,,0,70.0,2,1.79,3904.0,287.863924891,6123.0,23940.0,808.0,5700.0,7506.0,1962.138920781411,0.0,0.0,,,,,,,,,,,,,12839.0,4192.0,32100.0,3.0,11234.0,0.0,1.0,10920.0,16794.0,5874.0,53.0,0.0,67.0
20150213,30.945205479452056,1674.2564890410958,,0,70.0,2,1.79,3859.0,305.887599159,6365.0,22260.0,664.0,7620.0,7638.0,1980.144088200096,0.0,0.0,,,,,,,,,,,,,5999.0,1795.0,32400.0,1.0,4616.0,0.0,1.0,9961.0,26154.0,16193.0,69.0,0.0,67.0
20150214,30.947945205479453,1674.237982191781,,0,70.0,2,1.79,3232.0,245.593718767,5192.0,25080.0,1017.0,18720.0,6374.0,1919.8317009587809,0.0,0.0,,,,,,,,,,,,,,,,,,,,,,,,,67.0
20150215,30.95068493150685,1674.2194753424658,,0,70.0,2,1.79,4909.0,316.25499332,6806.0,22380.0,1178.0,19980.0,8780.0,1990.4744686624658,0.0,0.0,,,,,,,,,,,,,,,,,,,,,,,,,67.0
20150216,30.953424657534246,1674.2009684931509,,0,70.0,2,1.79,,,,,,,,1674.2009684931509,,,,,,,,,,,,,,,,,,,,,,,,,,,67.0
20150217,30.956164383561642,1674.1824616438357,,0,70.0,2,1.79,8369.0,564.768080924,12129.0,15420.0,4526.0,5520.0,15344.0,2238.950542567836,0.0,0.0,,,,,,,,,,,,,10559.0,3172.0,36600.0,3.0,9251.0,0.0,1.0,12060.0,24357.0,12297.0,68.0,0.0,67.0
20150218,30.958904109589042,1674.1639547945206,,0,70.0,2,1.79,3110.0,216.553174615,4686.0,23040.0,1336.0,10020.0,5848.0,1890.7171294095206,0.0,0.0,,,,,,,,,,,,,11579.0,4704.0,44100.0,3.0,9575.0,0.0,1.0,15122.0,29914.0,14792.0,89.0,0.0,67.0
20150219,30.96164383561644,1674.1454479452057,,0,70.0,2,1.79,1895.0,126.28823458,2654.0,26280.0,885.0,10560.0,3400.0,1800.4336825252058,0.0,0.0,,,,,,,,,,,,,,,,,,,,,,,,,67.0
20150220,30.964383561643835,1674.1269410958905,,0,70.0,2,1.79,1626.0,106.75731425,2302.0,28260.0,917.0,18900.0,2949.0,1780.8842553458906,0.0,0.0,,,,,,,,,,,,,,,,,,,,,,,,,67.0
20150221,30.96712328767123,1674.1084342465754,,0,70.0,2,1.79,9878.0,601.6654042079999,12887.0,17880.0,1610.0,9720.0,17017.0,2275.7738384545755,0.0,0.0,,,,,,,,,,,,,4859.0,1073.0,24600.0,0.0,3883.0,0.0,1.0,8280.0,19740.0,11460.0,54.0,0.0,67.0
20150222,30.96986301369863,1674.0899273972605,,0,70.0,2,1.79,4271.0,266.801929284,5665.0,21420.0,886.0,7080.0,7446.0,1940.8918566812604,0.0,0.0,,,,,,,,,,,,,8939.0,1432.0,27900.0,0.0,7928.0,0.0,1.0,4080.0,19140.0,15060.0,44.0,0.0,67.0
20150223,30.972602739726028,1674.0714205479453,,0,70.0,2,1.79,4838.0,333.101167887,7146.0,20640.0,1231.0,5820.0,9036.0,2007.1725884349453,0.0,0.0,,,,,,,,,,,,,5759.0,653.0,32700.0,0.0,5467.0,0.0,1.0,9900.0,27060.0,17160.0,71.0,0.0,67.0
20150224,30.975342465753425,1674.0529136986302,,0,70.0,2,1.79,257.0,21.4967343211,421.0,27840.0,39.0,11340.0,511.0,1695.54964801973,0.0,0.0,,,,,,,,,,,,,2819.0,16806.0,49500.0,6.0,-1901.0,0.0,1.0,8940.0,34920.0,25980.0,91.0,0.0,67.0
20150225,30.97808219178082,1674.034406849315,,0,70.0,2,1.79,4456.0,353.669932768,7291.0,22800.0,947.0,3900.0,8830.0,2027.704339617315,0.0,0.0,,,,,,,,,,,,,4619.0,2729.0,30000.0,0.0,1934.0,0.0,1.0,10980.0,25440.0,14460.0,70.0,0.0,67.0
20150226,30.980821917808218,1674.0159,,0,70.0,2,1.79,3021.0,235.511370815,4914.0,26220.0,725.0,11940.0,5977.0,1909.527270815,0.0,0.0,,,,,,,,,,,,,2219.0,1805.0,32100.0,2.0,1818.0,0.0,1.0,10991.0,28631.0,17640.0,76.0,0.0,67.0
20150227,30.983561643835618,1673.997393150685,,0,70.0,2,1.79,3411.0,271.10113231868,5519.0,25020.0,921.0,5160.0,6728.0,1945.098525469365,0.0,0.0,,,,,,,,,,,,,8519.0,5090.0,31500.0,2.0,5295.0,0.0,1.0,5460.0,21235.0,15775.0,50.0,0.0,67.0
20150228,30.986301369863014,1673.97888630137,,0,70.0,2,1.79,2941.0,226.7292529642,4789.0,24000.0,825.0,7140.0,5784.0,1900.70813926557,0.0,0.0,,,,,,,,,,,,,9179.0,2219.0,32400.0,1.0,8170.0,0.0,1.0,7080.0,22440.0,15360.0,56.0,0.0,67.0
20150301,30.98904109589041,1673.960379452055,,0,70.0,2,1.79,4803.0,390.755445838,7724.0,24960.0,856.0,6360.0,9230.0,2064.715825290055,0.0,0.0,,,,,,,,,,,,,7559.0,2334.0,36000.0,0.0,5277.0,0.0,1.0,12000.0,28560.0,16560.0,79.0,0.0,67.0
20150302,30.991780821917807,1673.9418726027397,,0,70.0,2,1.79,4277.0,326.018494878,6819.0,24720.0,911.0,3780.0,8333.0,1999.9603674807397,0.0,0.0,,,,,,,,,,,,,-421.0,2695.0,26700.0,2.0,-2344.0,0.0,1.0,13560.0,26381.0,12821.0,77.0,0.0,67.0
20150303,30.994520547945207,1673.9233657534248,,0,70.0,2,1.79,4236.0,328.9909425226,6793.0,24120.0,914.0,5220.0,8315.0,2002.9143082760247,0.0,0.0,,,,,,,,,,,,,2339.0,2938.0,31500.0,2.0,1022.0,0.0,1.0,12240.0,27646.0,15406.0,78.0,0.0,67.0
20150304,30.997260273972604,1673.9048589041097,,0,70.0,2,1.79,4147.0,320.3877581846,6600.0,22140.0,785.0,5100.0,8075.0,1994.2926170887097,0.0,0.0,,,,,,,,,,,,,4320.0,2313.0,31800.0,1.0,2711.0,0.0,1.0,11219.0,26939.0,15720.0,73.0,0.0,67.0
20150305,31.0,1673.8863520547945,,0,70.0,2,1.79,3217.0,251.2158266303,5141.0,24960.0,1157.0,5400.0,6235.0,1925.1021786850945,0.0,0.0,,,,,,,,,,,,,1319.0,2459.0,29100.0,1.0,60.0,0.0,1.0,9660.0,26761.0,17101.0,70.0,0.0,67.0
20150306,31.002732240437158,1673.8678452054796,,0,70.0,2,1.79,10558.0,779.801961161,16592.0,11820.0,1708.0,1740.0,20451.0,2453.66980636648,0.0,0.0,,,,,,,,,,,,,5879.0,1463.0,33900.0,1.0,4824.0,0.0,1.0,12660.0,27677.0,15017.0,77.0,0.0,67.0
20150307,31.005464480874316,1673.8493383561645,,0,70.0,2,1.79,3927.0,266.364881843,5710.0,16140.0,850.0,7680.0,7246.0,1940.2142201991644,0.0,0.0,,,,,,,,,,,,,7739.0,2023.0,39600.0,1.0,6617.0,0.0,1.0,10500.0,31500.0,21000.0,82.0,0.0,67.0
20150308,31.008196721311474,1673.8308315068493,,0,70.0,2,1.79,1247.0,89.2107003629,1884.0,27840.0,438.0,7740.0,2355.0,1763.0415318697494,0.0,0.0,,,,,,,,,,,,,10139.0,4853.0,43200.0,3.0,9173.0,0.0,1.0,12734.0,29954.0,17220.0,84.0,0.0,67.0
20150309,31.010928961748633,1673.8123246575344,,0,70.0,2,1.79,4685.0,349.103755563,7239.0,23820.0,905.0,3180.0,8960.0,2022.9160802205345,0.0,0.0,,,,,,,,,,,,,5939.0,2742.0,29700.0,2.0,4423.0,0.0,1.0,9933.0,22833.0,12900.0,61.0,0.0,67.0
20150310,31.01366120218579,1673.7938178082193,,0,70.0,2,1.79,4799.0,381.504443426,7679.0,23340.0,769.0,3720.0,9351.0,2055.2982612342194,0.0,0.0,,,,,,,,,,,,,5759.0,705.0,30000.0,0.0,5055.0,0.0,1.0,13080.0,24512.0,11432.0,73.0,0.0,67.0
20150311,31.016393442622952,1673.7753109589041,,0,70.0,2,1.79,6059.0,445.32328623499996,9057.0,22620.0,1535.0,6120.0,11329.0,2119.098597193904,0.0,0.0,,,,,,,,,,,,,4979.0,3044.0,28800.0,3.0,4286.0,0.0,1.0,15500.0,21530.0,6030.0,69.0,0.0,67.0
20150312,31.01912568306011,1673.7568041095892,,0,70.0,2,1.79,5267.0,409.496690735,8445.0,21720.0,1036.0,2940.0,10292.0,2083.253494844589,0.0,0.0,,,,,,,,,,,,,8759.0,2893.0,30900.0,0.0,6527.0,0.0,1.0,7080.0,22200.0,15120.0,57.0,0.0,67.0
20150313,31.02185792349727,1673.738297260274,,0,70.0,2,1.79,4182.0,308.244917989,6529.0,21420.0,799.0,3240.0,8051.0,1981.983215249274,0.0,0.0,,,,,,,,,,,,,5879.0,2901.0,31500.0,2.0,4293.0,0.0,1.0,10781.0,24642.0,13861.0,67.0,0.0,67.0
20150314,31.024590163934427,1673.719790410959,,0,70.0,2,1.79,2452.0,156.05130744,3406.0,14520.0,1681.0,12120.0,4398.0,1829.771097850959,0.0,0.0,,,,,,,,,,,,,,,,,,,,,,,,,67.0
20150315,31.027322404371585,1673.701283561644,,0,70.0,2,1.79,6694.0,396.140501652,8454.0,17760.0,1176.0,5760.0,11296.0,2069.841785213644,0.0,0.0,,,,,,,,,,,,,3599.0,3561.0,35400.0,2.0,2003.0,0.0,1.0,12840.0,30720.0,17880.0,86.0,0.0,67.0
20150316,31.030054644808743,1673.6827767123289,,0,70.0,2,1.79,,,,,,,,1673.6827767123289,,,,,,,,,,,,,,,,,,,,,,,,,,,67.0
20150317,31.0327868852459,1673.6642698630137,,0,70.0,2,1.79,,,,,,,,1673.6642698630137,,,,,,,,,,,,,,,,,,,,,,,,,,,67.0
20150318,31.03551912568306,1673.6457630136988,,0,70.0,2,1.79,,,,,,,,1673.6457630136988,,,,,,,,,,,,,,,,,,,,,,,,,,,67.0
20150319,31.038251366120218,1673.6272561643837,,0,70.0,2,1.79,,,,,,,,1673.6272561643837,,,,,,,,,,,,,,,,,,,,,,,,,,,67.0
20150320,31.040983606557376,1673.6087493150685,,0,70.0,2,1.79,3335.0,252.998346403,5323.0,25800.0,1218.0,6480.0,6487.0,1926.6070957180684,0.0,0.0,,,,,,,,,,,,,,,,,,,,,,,,,67.0
20150321,31.043715846994537,1673.5902424657536,,0,70.0,2,1.79,5917.0,426.092038903,9124.0,21480.0,1392.0,10620.0,11254.0,2099.6822813687536,0.0,0.0,,,,,,,,,,,,,7559.0,4916.0,36000.0,2.0,6224.0,0.0,1.0,10560.0,25460.0,14900.0,70.0,0.0,67.0
20150322,31.046448087431695,1673.5717356164384,,0,70.0,2,1.79,3655.0,242.19291663180002,5012.0,28740.0,1708.0,23400.0,6500.0,1915.7646522482385,0.0,0.0,,,,,,,,,,,,,1859.0,6006.0,25200.0,2.0,54.0,0.0,1.0,10860.0,20220.0,9360.0,60.0,0.0,67.0
20150323,31.049180327868854,1673.5532287671233,,0,70.0,2,1.79,4426.0,367.284396458,7383.0,22800.0,1240.0,4200.0,8859.0,2040.8376252251232,0.0,0.0,,,,,,,,,,,,,3839.0,1389.0,30900.0,1.0,3167.0,0.0,1.0,12360.0,26524.0,14164.0,75.0,0.0,67.0
20150324,31.05191256830601,1673.5347219178084,,0,70.0,2,1.79,7907.0,572.466608722,12157.0,25020.0,1728.0,5520.0,15014.0,2246.0013306398087,0.0,0.0,,,,,,,,,,,,,3479.0,2461.0,29400.0,2.0,2462.0,0.0,1.0,9730.0,24657.0,14927.0,65.0,0.0,67.0
20150325,31.05464480874317,1673.5162150684932,,0,70.0,2,1.79,4158.0,359.406113476,7004.0,23400.0,668.0,6420.0,8335.0,2032.9223285444932,0.0,0.0,,,,,,,,,,,,,,,,,,,,,,,,,67.0
20150326,31.057377049180328,1673.497708219178,,0,70.0,2,1.79,2244.0,173.241769612,3576.0,17520.0,743.0,4620.0,4380.0,854.359210694493,0.0,0.0,,,,,,,,,,,,,239.0,1714.0,31200.0,1.0,-443.0,0.0,1.0,11641.0,30289.0,18648.0,82.0,0.0,67.0
20150327,31.060109289617486,1673.4792013698632,,0,70.0,2,1.79,,,,,,,,0.0,,,,,,,,,,,,,,,,,,,,,,,,,,,67.0
20150328,31.062841530054644,1673.460694520548,,0,70.0,2,1.79,,,,,,,,0.0,,,,,,,,,,,,,,,,,,,,,,,,,,,67.0
20150329,31.065573770491802,1673.442187671233,,0,70.0,2,1.79,,,,,,,,0.0,,,,,,,,,,,,,,,,,,,,,,,,,,,67.0
20150330,31.06830601092896,1673.423680821918,,0,70.0,2,1.79,,,,,,,,0.0,,,,,,,,,,,,,,,,,,,,,,,,,,,67.0
20150331,31.07103825136612,1673.4051739726028,,0,70.0,2,1.79,,,,,,,,0.0,,,,,,,,,,,,,,,,,,,,,,,,,,,67.0
20150401,31.07377049180328,1673.3866671232877,,0,70.0,2,1.79,,,,,,,,0.0,,,,,,,,,,,,,,,,,,,,,,,,,,,67.0
20150402,31.07650273224044,1673.3681602739728,,0,70.0,2,1.79,,,,,,,,0.0,,,,,,,,,,,,,,,,,,,,,,,,,,,67.0
20150403,31.079234972677597,1673.3496534246576,,0,70.0,2,1.79,,,,,,,,0.0,,,,,,,,,,,,,,,,,,,,,,,,,,,67.0
20150404,31.081967213114755,1673.3311465753425,,0,70.0,2,1.79,,,,,,,,0.0,,,,,,,,,,,,,,,,,,,,,,,,,,,67.0
20150405,31.084699453551913,1673.3126397260276,,0,70.0,2,1.79,,,,,,,,0.0,,,,,,,,,,,,,,,,,,,,,,,,,,,67.0
20150406,31.08743169398907,1673.2941328767124,,0,70.0,2,1.79,,,,,,,,0.0,,,,,,,,,,,,,,,,,,,,,,,,,,,67.0
20150407,31.09016393442623,1673.2756260273973,,0,70.0,2,1.79,,,,,,,,0.0,,,,,,,,,,,,,,,,,,,,,,,,,,,67.0
20150408,31.092896174863387,1673.2571191780823,,0,70.0,2,1.79,,,,,,,,0.0,,,,,,,,,,,,,,,,,,,,,,,,,,,67.0
20150409,31.095628415300546,1673.2386123287672,,0,70.0,2,1.79,,,,,,,,0.0,,,,,,,,,,,,,,,,,,,,,,,,,,,67.0
20150410,31.098360655737704,1673.220105479452,,0,70.0,2,1.79,,,,,,,,0.0,,,,,,,,,,,,,,,,,,,,,,,,,,,67.0
20150411,31.101092896174862,1673.2015986301371,,0,70.0,2,1.79,,,,,,,,0.0,,,,,,,,,,,,,,,,,,,,,,,,,,,67.0
20150412,31.103825136612024,1673.183091780822,,0,70.0,2,1.79,,,,,,,,0.0,,,,,,,,,,,,,,,,,,,,,,,,,,,67.0
20150413,31.10655737704918,1673.1645849315069,,0,70.0,2,1.79,,,,,,,,0.0,,,,,,,,,,,,,,,,,,,,,,,,,,,67.0
20150414,31.10928961748634,1673.146078082192,,0,70.0,2,1.79,,,,,,,,0.0,,,,,,,,,,,,,,,,,,,,,,,,,,,67.0
20150415,31.112021857923498,1673.1275712328768,,0,70.0,2,1.79,,,,,,,,0.0,,,,,,,,,,,,,,,,,,,,,,,,,,,67.0
20150416,31.114754098360656,1673.1090643835616,,0,70.0,2,1.79,,,,,,,,0.0,,,,,,,,,,,,,,,,,,,,,,,,,,,67.0
20150417,31.117486338797814,1673.0905575342467,,0,70.0,2,1.79,,,,,,,,0.0,,,,,,,,,,,,,,,,,,,,,,,,,,,67.0
20150418,31.120218579234972,1673.0720506849316,,0,70.0,2,1.79,,,,,,,,0.0,,,,,,,,,,,,,,,,,,,,,,,,,,,67.0
20150419,31.12295081967213,1673.0535438356164,,0,70.0,2,1.79,,,,,,,,0.0,,,,,,,,,,,,,,,,,,,,,,,,,,,67.0
20150420,31.12568306010929,1673.0350369863015,,0,70.0,2,1.79,,,,,,,,0.0,,,,,,,,,,,,,,,,,,,,,,,,,,,67.0
20150421,31.128415300546447,1673.0165301369864,,0,70.0,2,1.79,,,,,,,,0.0,,,,,,,,,,,,,,,,,,,,,,,,,,,67.0
20150422,31.131147540983605,1672.9980232876712,,0,70.0,2,1.79,,,,,,,,0.0,,,,,,,,,,,,,,,,,,,,,,,,,,,67.0
20150423,31.133879781420767,1672.9795164383563,,0,70.0,2,1.79,,,,,,,,0.0,,,,,,,,,,,,,,,,,,,,,,,,,,,67.0
20150424,31.136612021857925,1672.9610095890412,,0,70.0,2,1.79,,,,,,,,0.0,,,,,,,,,,,,,,,,,,,,,,,,,,,67.0
20150425,31.139344262295083,1672.942502739726,,0,70.0,2,1.79,,,,,,,,0.0,,,,,,,,,,,,,,,,,,,,,,,,,,,67.0
20150426,31.14207650273224,1672.923995890411,,0,70.0,2,1.79,,,,,,,,0.0,,,,,,,,,,,,,,,,,,,,,,,,,,,67.0
20150427,31.1448087431694,1672.905489041096,,0,70.0,2,1.79,,,,,,,,0.0,,,,,,,,,,,,,,,,,,,,,,,,,,,67.0
20150428,31.147540983606557,1672.8869821917808,,0,70.0,2,1.79,,,,,,,,0.0,,,,,,,,,,,,,,,,,,,,,,,,,,,67.0
20150429,31.150273224043715,1672.868475342466,,0,70.0,2,1.79,,,,,,,,0.0,,,,,,,,,,,,,,,,,,,,,,,,,,,67.0
20150430,31.153005464480874,1672.8499684931508,,0,70.0,2,1.79,,,,,,,,0.0,,,,,,,,,,,,,,,,,,,,,,,,,,,67.0
20150501,31.15573770491803,1672.8314616438356,,0,70.0,2,1.79,,,,,,,,0.0,,,,,,,,,,,,,,,,,,,,,,,,,,,67.0
20150502,31.15846994535519,1672.8129547945207,,0,70.0,2,1.79,,,,,,,,0.0,,,,,,,,,,,,,,,,,,,,,,,,,,,67.0
20150503,31.161202185792348,1672.7944479452055,,0,70.0,2,1.79,,,,,,,,0.0,,,,,,,,,,,,,,,,,,,,,,,,,,,67.0
20150504,31.16393442622951,1672.7759410958904,,0,70.0,2,1.79,,,,,,,,0.0,,,,,,,,,,,,,,,,,,,,,,,,,,,67.0
20150505,31.166666666666668,1672.7574342465755,,0,70.0,2,1.79,,,,,,,,0.0,,,,,,,,,,,,,,,,,,,,,,,,,,,67.0
20150506,31.169398907103826,1672.7389273972603,,0,70.0,2,1.79,,,,,,,,0.0,,,,,,,,,,,,,,,,,,,,,,,,,,,67.0
20150507,31.172131147540984,1672.7204205479452,,0,70.0,2,1.79,,,,,,,,0.0,,,,,,,,,,,,,,,,,,,,,,,,,,,67.0
20150508,31.174863387978142,1672.7019136986303,,0,70.0,2,1.79,,,,,,,,0.0,,,,,,,,,,,,,,,,,,,,,,,,,,,67.0
20150509,31.1775956284153,1672.6834068493151,,0,70.0,2,1.79,,,,,,,,0.0,,,,,,,,,,,,,,,,,,,,,,,,,,,67.0
20150510,31.18032786885246,1672.6649,,0,70.0,2,1.79,,,,,,,,0.0,,,,,,,,,,,,,,,,,,,,,,,,,,,67.0
20150511,31.183060109289617,1672.646393150685,,0,70.0,2,1.79,,,,,,,,0.0,,,,,,,,,,,,,,,,,,,,,,,,,,,67.0
20150512,31.185792349726775,1672.62788630137,,0,70.0,2,1.79,,,,,,,,0.0,,,,,,,,,,,,,,,,,,,,,,,,,,,67.0
20150513,31.188524590163933,1672.6093794520548,,0,70.0,2,1.79,,,,,,,,0.0,,,,,,,,,,,,,,,,,,,,,,,,,,,67.0
20150514,31.19125683060109,1672.5908726027399,,0,70.0,2,1.79,,,,,,,,0.0,,,,,,,,,,,,,,,,,,,,,,,,,,,67.0
20150515,31.193989071038253,1672.5723657534247,,0,70.0,2,1.79,,,,,,,,0.0,,,,,,,,,,,,,,,,,,,,,,,,,,,67.0
20150516,31.19672131147541,1672.5538589041096,,0,70.0,2,1.79,,,,,,,,0.0,,,,,,,,,,,,,,,,,,,,,,,,,,,67.0
20150517,31.19945355191257,1672.5353520547947,,0,70.0,2,1.79,,,,,,,,0.0,,,,,,,,,,,,,,,,,,,,,,,,,,,67.0
20150518,31.202185792349727,1672.5168452054795,,0,70.0,2,1.79,,,,,,,,0.0,,,,,,,,,,,,,,,,,,,,,,,,,,,67.0
20150519,31.204918032786885,1672.4983383561644,,0,70.0,2,1.79,,,,,,,,0.0,,,,,,,,,,,,,,,,,,,,,,,,,,,67.0
20150520,31.207650273224044,1672.4798315068495,,0,70.0,2,1.79,,,,,,,,0.0,,,,,,,,,,,,,,,,,,,,,,,,,,,67.0
20150521,31.2103825136612,1672.4613246575343,,0,70.0,2,1.79,,,,,,,,0.0,,,,,,,,,,,,,,,,,,,,,,,,,,,67.0
20150522,31.21311475409836,1672.4428178082192,,0,70.0,2,1.79,,,,,,,,0.0,,,,,,,,,,,,,,,,,,,,,,,,,,,67.0
20150523,31.215846994535518,1672.4243109589042,,0,70.0,2,1.79,,,,,,,,0.0,,,,,,,,,,,,,,,,,,,,,,,,,,,67.0
20150524,31.218579234972676,1672.405804109589,,0,70.0,2,1.79,,,,,,,,0.0,,,,,,,,,,,,,,,,,,,,,,,,,,,67.0
20150525,31.221311475409838,1672.387297260274,,0,70.0,2,1.79,,,,,,,,0.0,,,,,,,,,,,,,,,,,,,,,,,,,,,67.0
20150526,31.224043715846996,1672.368790410959,,0,70.0,2,1.79,,,,,,,,0.0,,,,,,,,,,,,,,,,,,,,,,,,,,,67.0
20150527,31.226775956284154,1672.350283561644,,0,70.0,2,1.79,,,,,,,,0.0,,,,,,,,,,,,,,,,,,,,,,,,,,,67.0
20150528,31.229508196721312,1672.331776712329,,0,70.0,2,1.79,,,,,,,,0.0,,,,,,,,,,,,,,,,,,,,,,,,,,,67.0
20150529,31.23224043715847,1672.3132698630138,,0,70.0,2,1.79,,,,,,,,0.0,,,,,,,,,,,,,,,,,,,,,,,,,,,67.0
20150530,31.23497267759563,1672.2947630136987,,0,70.0,2,1.79,,,,,,,,0.0,,,,,,,,,,,,,,,,,,,,,,,,,,,67.0
20150531,31.237704918032787,1672.2762561643835,,0,70.0,2,1.79,,,,,,,,0.0,,,,,,,,,,,,,,,,,,,,,,,,,,,67.0
20150601,31.240437158469945,1672.2577493150686,,0,70.0,2,1.79,,,,,,,,0.0,,,,,,,,,,,,,,,,,,,,,,,,,,,67.0
20150602,31.243169398907103,1672.2392424657535,,0,70.0,2,1.79,,,,,,,,0.0,,,,,,,,,,,,,,,,,,,,,,,,,,,67.0
20150603,31.24590163934426,1672.2207356164383,,0,70.0,2,1.79,,,,,,,,0.0,,,,,,,,,,,,,,,,,,,,,,,,,,,67.0
20150604,31.24863387978142,1672.2022287671234,,0,70.0,2,1.79,,,,,,,,0.0,,,,,,,,,,,,,,,,,,,,,,,,,,,67.0
20150605,31.25136612021858,1672.1837219178083,,0,70.0,2,1.79,,,,,,,,0.0,,,,,,,,,,,,,,,,,,,,,,,,,,,67.0
20150606,31.25409836065574,1672.1652150684931,,0,70.0,2,1.79,,,,,,,,0.0,,,,,,,,,,,,,,,,,,,,,,,,,,,67.0
20150607,31.256830601092897,1672.1467082191782,,0,70.0,2,1.79,,,,,,,,0.0,,,,,,,,,,,,,,,,,,,,,,,,,,,67.0
20150608,31.259562841530055,1672.128201369863,,0,70.0,2,1.79,,,,,,,,0.0,,,,,,,,,,,,,,,,,,,,,,,,,,,67.0
20150609,31.262295081967213,1672.1096945205481,,0,70.0,2,1.79,,,,,,,,0.0,,,,,,,,,,,,,,,,,,,,,,,,,,,67.0
20150610,31.26502732240437,1672.091187671233,,0,70.0,2,1.79,,,,,,,,0.0,,,,,,,,,,,,,,,,,,,,,,,,,,,67.0
20150611,31.26775956284153,1672.0726808219179,,0,70.0,2,1.79,,,,,,,,0.0,,,,,,,,,,,,,,,,,,,,,,,,,,,67.0
20150612,31.270491803278688,1672.0541739726027,,0,70.0,2,1.79,,,,,,,,0.0,,,,,,,,,,,,,,,,,,,,,,,,,,,67.0
20150613,31.273224043715846,1672.0356671232878,,0,70.0,2,1.79,,,,,,,,0.0,,,,,,,,,,,,,,,,,,,,,,,,,,,67.0
20150614,31.275956284153004,1672.0171602739726,,0,70.0,2,1.79,,,,,,,,0.0,,,,,,,,,,,,,,,,,,,,,,,,,,,67.0
20150615,31.278688524590162,1671.9986534246577,,0,70.0,2,1.79,,,,,,,,0.0,,,,,,,,,,,,,,,,,,,,,,,,,,,67.0
20150616,31.281420765027324,1671.9801465753426,,0,70.0,2,1.79,,,,,,,,0.0,,,,,,,,,,,,,,,,,,,,,,,,,,,67.0
20150617,31.284153005464482,1671.9616397260274,,0,70.0,2,1.79,,,,,,,,0.0,,,,,,,,,,,,,,,,,,,,,,,,,,,67.0
20150618,31.28688524590164,1671.9431328767123,,0,70.0,2,1.79,,,,,,,,0.0,,,,,,,,,,,,,,,,,,,,,,,,,,,67.0
20150619,31.2896174863388,1671.9246260273974,,0,70.0,2,1.79,,,,,,,,0.0,,,,,,,,,,,,,,,,,,,,,,,,,,,67.0
20150620,31.292349726775956,1671.9061191780822,,0,70.0,2,1.79,,,,,,,,0.0,,,,,,,,,,,,,,,,,,,,,,,,,,,67.0
20150621,31.295081967213115,1671.887612328767,,0,70.0,2,1.79,,,,,,,,0.0,,,,,,,,,,,,,,,,,,,,,,,,,,,67.0
20150622,31.297814207650273,1671.8691054794522,,0,70.0,2,1.79,,,,,,,,0.0,,,,,,,,,,,,,,,,,,,,,,,,,,,67.0
20150623,31.30054644808743,1671.850598630137,,0,70.0,2,1.79,,,,,,,,0.0,,,,,,,,,,,,,,,,,,,,,,,,,,,67.0
20150624,31.30327868852459,1671.8320917808219,,0,70.0,2,1.79,,,,,,,,0.0,,,,,,,,,,,,,,,,,,,,,,,,,,,67.0
20150625,31.306010928961747,1671.813584931507,,0,70.0,2,1.79,,,,,,,,0.0,,,,,,,,,,,,,,,,,,,,,,,,,,,67.0
20150626,31.30874316939891,1671.7950780821918,,0,70.0,2,1.79,,,,,,,,0.0,,,,,,,,,,,,,,,,,,,,,,,,,,,67.0
20150627,31.311475409836067,1671.776571232877,,0,70.0,2,1.79,,,,,,,,0.0,,,,,,,,,,,,,,,,,,,,,,,,,,,67.0
20150628,31.314207650273225,1671.7580643835618,,0,70.0,2,1.79,,,,,,,,0.0,,,,,,,,,,,,,,,,,,,,,,,,,,,67.0
20150629,31.316939890710383,1671.7395575342466,,0,70.0,2,1.79,,,,,,,,0.0,,,,,,,,,,,,,,,,,,,,,,,,,,,67.0
20150630,31.31967213114754,1671.7210506849315,,0,70.0,2,1.79,,,,,,,,0.0,,,,,,,,,,,,,,,,,,,,,,,,,,,67.0
20150701,31.3224043715847,1671.7025438356166,,0,70.0,2,1.79,,,,,,,,0.0,,,,,,,,,,,,,,,,,,,,,,,,,,,67.0
20150702,31.325136612021858,1671.6840369863014,,0,70.0,2,1.79,,,,,,,,0.0,,,,,,,,,,,,,,,,,,,,,,,,,,,67.0
20150703,31.327868852459016,1671.6655301369865,,0,70.0,2,1.79,,,,,,,,0.0,,,,,,,,,,,,,,,,,,,,,,,,,,,67.0
20150704,31.330601092896174,1671.6470232876713,,0,70.0,2,1.79,,,,,,,,0.0,,,,,,,,,,,,,,,,,,,,,,,,,,,67.0
20150705,31.333333333333332,1671.6285164383562,,0,70.0,2,1.79,,,,,,,,0.0,,,,,,,,,,,,,,,,,,,,,,,,,,,67.0
20150706,31.33606557377049,1671.610009589041,,0,70.0,2,1.79,,,,,,,,0.0,,,,,,,,,,,,,,,,,,,,,,,,,,,67.0
20150707,31.338797814207652,1671.5915027397261,,0,70.0,2,1.79,,,,,,,,0.0,,,,,,,,,,,,,,,,,,,,,,,,,,,67.0
20150708,31.34153005464481,1671.572995890411,,0,70.0,2,1.79,,,,,,,,0.0,,,,,,,,,,,,,,,,,,,,,,,,,,,67.0
20150709,31.34426229508197,1671.554489041096,,0,70.0,2,1.79,,,,,,,,0.0,,,,,,,,,,,,,,,,,,,,,,,,,,,67.0
20150710,31.346994535519126,1671.535982191781,,0,70.0,2,1.79,,,,,,,,0.0,,,,,,,,,,,,,,,,,,,,,,,,,,,67.0
20150711,31.349726775956285,1671.5174753424658,,0,70.0,2,1.79,,,,,,,,0.0,,,,,,,,,,,,,,,,,,,,,,,,,,,67.0
20150712,31.352459016393443,1671.4989684931506,,0,70.0,2,1.79,,,,,,,,0.0,,,,,,,,,,,,,,,,,,,,,,,,,,,67.0
20150713,31.3551912568306,1671.4804616438357,,0,70.0,2,1.79,,,,,,,,0.0,,,,,,,,,,,,,,,,,,,,,,,,,,,67.0
20150714,31.35792349726776,1671.4619547945206,,0,70.0,2,1.79,,,,,,,,0.0,,,,,,,,,,,,,,,,,,,,,,,,,,,67.0
20150715,31.360655737704917,1671.4434479452057,,0,70.0,2,1.79,,,,,,,,0.0,,,,,,,,,,,,,,,,,,,,,,,,,,,67.0
20150716,31.363387978142075,1671.4249410958905,,0,70.0,2,1.79,,,,,,,,0.0,,,,,,,,,,,,,,,,,,,,,,,,,,,67.0
20150717,31.366120218579233,1671.4064342465754,,0,70.0,2,1.79,,,,,,,,0.0,,,,,,,,,,,,,,,,,,,,,,,,,,,67.0
20150718,31.368852459016395,1671.3879273972602,,0,70.0,2,1.79,,,,,,,,0.0,,,,,,,,,,,,,,,,,,,,,,,,,,,67.0
20150719,31.371584699453553,1671.3694205479453,,0,70.0,2,1.79,,,,,,,,0.0,,,,,,,,,,,,,,,,,,,,,,,,,,,67.0
20150720,31.37431693989071,1671.3509136986302,,0,70.0,2,1.79,,,,,,,,0.0,,,,,,,,,,,,,,,,,,,,,,,,,,,67.0
20150721,31.37704918032787,1671.3324068493152,,0,70.0,2,1.79,,,,,,,,0.0,,,,,,,,,,,,,,,,,,,,,,,,,,,67.0
20150722,31.379781420765028,1671.3139,,0,70.0,2,1.79,,,,,,,,0.0,,,,,,,,,,,,,,,,,,,,,,,,,,,67.0
20150723,31.382513661202186,1671.295393150685,,0,70.0,2,1.79,,,,,,,,0.0,,,,,,,,,,,,,,,,,,,,,,,,,,,67.0
20150724,31.385245901639344,1671.2768863013698,,0,70.0,2,1.79,,,,,,,,0.0,,,,,,,,,,,,,,,,,,,,,,,,,,,67.0
20150725,31.387978142076502,1671.258379452055,,0,70.0,2,1.79,,,,,,,,0.0,,,,,,,,,,,,,,,,,,,,,,,,,,,67.0
20150726,31.39071038251366,1671.2398726027398,,0,70.0,2,1.79,,,,,,,,0.0,,,,,,,,,,,,,,,,,,,,,,,,,,,67.0
20150727,31.39344262295082,1671.2213657534248,,0,70.0,2,1.79,,,,,,,,0.0,,,,,,,,,,,,,,,,,,,,,,,,,,,67.0
20150728,31.396174863387976,1671.2028589041097,,0,70.0,2,1.79,,,,,,,,0.0,,,,,,,,,,,,,,,,,,,,,,,,,,,67.0
20150729,31.398907103825138,1671.1843520547945,,0,70.0,2,1.79,,,,,,,,0.0,,,,,,,,,,,,,,,,,,,,,,,,,,,67.0
20150730,31.401639344262296,1671.1658452054796,,0,70.0,2,1.79,,,,,,,,0.0,,,,,,,,,,,,,,,,,,,,,,,,,,,67.0
20150731,31.404371584699454,1671.1473383561645,,0,70.0,2,1.79,,,,,,,,0.0,,,,,,,,,,,,,,,,,,,,,,,,,,,67.0
20150801,31.407103825136613,1671.1288315068493,,0,70.0,2,1.79,,,,,,,,0.0,,,,,,,,,,,,,,,,,,,,,,,,,,,67.0
20150802,31.40983606557377,1671.1103246575344,,0,70.0,2,1.79,,,,,,,,0.0,,,,,,,,,,,,,,,,,,,,,,,,,,,67.0
20150803,31.41256830601093,1671.0918178082193,,0,70.0,2,1.79,,,,,,,,0.0,,,,,,,,,,,,,,,,,,,,,,,,,,,67.0
20150804,31.415300546448087,1671.0733109589041,,0,70.0,2,1.79,,,,,,,,0.0,,,,,,,,,,,,,,,,,,,,,,,,,,,67.0
20150805,31.418032786885245,1671.054804109589,,0,70.0,2,1.79,,,,,,,,0.0,,,,,,,,,,,,,,,,,,,,,,,,,,,67.0
20150806,31.420765027322403,1671.036297260274,,0,70.0,2,1.79,,,,,,,,0.0,,,,,,,,,,,,,,,,,,,,,,,,,,,67.0
20150807,31.42349726775956,1671.017790410959,,0,70.0,2,1.79,,,,,,,,0.0,,,,,,,,,,,,,,,,,,,,,,,,,,,67.0
20150808,31.42622950819672,1670.999283561644,,0,70.0,2,1.79,,,,,,,,0.0,,,,,,,,,,,,,,,,,,,,,,,,,,,67.0
20150809,31.42896174863388,1670.9807767123289,,0,70.0,2,1.79,,,,,,,,0.0,,,,,,,,,,,,,,,,,,,,,,,,,,,67.0
20150810,31.43169398907104,1670.9622698630137,,0,70.0,2,1.79,,,,,,,,0.0,,,,,,,,,,,,,,,,,,,,,,,,,,,67.0
20150811,31.434426229508198,1670.9437630136988,,0,70.0,2,1.79,,,,,,,,0.0,,,,,,,,,,,,,,,,,,,,,,,,,,,67.0
20150812,31.437158469945356,1670.9252561643837,,0,70.0,2,1.79,,,,,,,,0.0,,,,,,,,,,,,,,,,,,,,,,,,,,,67.0
20150813,31.439890710382514,1670.9067493150685,,0,70.0,2,1.79,,,,,,,,0.0,,,,,,,,,,,,,,,,,,,,,,,,,,,67.0
20150814,31.442622950819672,1670.8882424657536,,0,70.0,2,1.79,,,,,,,,0.0,,,,,,,,,,,,,,,,,,,,,,,,,,,67.0
20150815,31.44535519125683,1670.8697356164384,,0,70.0,2,1.79,,,,,,,,0.0,,,,,,,,,,,,,,,,,,,,,,,,,,,67.0
20150816,31.44808743169399,1670.8512287671233,,0,70.0,2,1.79,,,,,,,,0.0,,,,,,,,,,,,,,,,,,,,,,,,,,,67.0
20150817,31.450819672131146,1670.8327219178084,,0,70.0,2,1.79,,,,,,,,0.0,,,,,,,,,,,,,,,,,,,,,,,,,,,67.0
20150818,31.453551912568305,1670.8142150684932,,0,70.0,2,1.79,,,,,,,,0.0,,,,,,,,,,,,,,,,,,,,,,,,,,,67.0
20150819,31.456284153005463,1670.795708219178,,0,70.0,2,1.79,,,,,,,,0.0,,,,,,,,,,,,,,,,,,,,,,,,,,,67.0
20150820,31.459016393442624,1670.7772013698632,,0,70.0,2,1.79,,,,,,,,0.0,,,,,,,,,,,,,,,,,,,,,,,,,,,67.0
20150821,31.461748633879782,1670.758694520548,,0,70.0,2,1.79,,,,,,,,0.0,,,,,,,,,,,,,,,,,,,,,,,,,,,67.0
20150822,31.46448087431694,1670.740187671233,,0,70.0,2,1.79,,,,,,,,0.0,,,,,,,,,,,,,,,,,,,,,,,,,,,67.0
20150823,31.4672131147541,1670.721680821918,,0,70.0,2,1.79,,,,,,,,0.0,,,,,,,,,,,,,,,,,,,,,,,,,,,67.0
20150824,31.469945355191257,1670.7031739726028,,0,70.0,2,1.79,,,,,,,,0.0,,,,,,,,,,,,,,,,,,,,,,,,,,,67.0
20150825,31.472677595628415,1670.6846671232877,,0,70.0,2,1.79,,,,,,,,0.0,,,,,,,,,,,,,,,,,,,,,,,,,,,67.0
20150826,31.475409836065573,1670.6661602739728,,0,70.0,2,1.79,,,,,,,,0.0,,,,,,,,,,,,,,,,,,,,,,,,,,,67.0
20150827,31.47814207650273,1670.6476534246576,,0,70.0,2,1.79,,,,,,,,0.0,,,,,,,,,,,,,,,,,,,,,,,,,,,67.0
20150828,31.48087431693989,1670.6291465753425,,0,70.0,2,1.79,,,,,,,,0.0,,,,,,,,,,,,,,,,,,,,,,,,,,,67.0
20150829,31.483606557377048,1670.6106397260276,,0,70.0,2,1.79,,,,,,,,0.0,,,,,,,,,,,,,,,,,,,,,,,,,,,67.0
20150830,31.48633879781421,1670.5921328767124,,0,70.0,2,1.79,,,,,,,,0.0,,,,,,,,,,,,,,,,,,,,,,,,,,,67.0
20150831,31.489071038251367,1670.5736260273973,,0,70.0,2,1.79,,,,,,,,0.0,,,,,,,,,,,,,,,,,,,,,,,,,,,67.0
20150901,31.491803278688526,1670.5551191780824,,0,70.0,2,1.79,,,,,,,,0.0,,,,,,,,,,,,,,,,,,,,,,,,,,,67.0
20150902,31.494535519125684,1670.5366123287672,,0,70.0,2,1.79,,,,,,,,0.0,,,,,,,,,,,,,,,,,,,,,,,,,,,67.0
20150903,31.497267759562842,1670.518105479452,,0,70.0,2,1.79,,,,,,,,0.0,,,,,,,,,,,,,,,,,,,,,,,,,,,67.0
20150904,31.5,1670.4995986301371,,0,70.0,2,1.79,,,,,,,,0.0,,,,,,,,,,,,,,,,,,,,,,,,,,,67.0
20150905,31.502732240437158,1670.481091780822,,0,70.0,2,1.79,,,,,,,,0.0,,,,,,,,,,,,,,,,,,,,,,,,,,,67.0
20150906,31.505464480874316,1670.4625849315069,,0,70.0,2,1.79,,,,,,,,0.0,,,,,,,,,,,,,,,,,,,,,,,,,,,67.0
20150907,31.508196721311474,1670.444078082192,,0,70.0,2,1.79,,,,,,,,0.0,,,,,,,,,,,,,,,,,,,,,,,,,,,67.0
20150908,31.510928961748633,1670.4255712328768,,0,70.0,2,1.79,,,,,,,,0.0,,,,,,,,,,,,,,,,,,,,,,,,,,,67.0
20150909,31.51366120218579,1670.4070643835616,,0,70.0,2,1.79,,,,,,,,0.0,,,,,,,,,,,,,,,,,,,,,,,,,,,67.0
20150910,31.516393442622952,1670.3885575342467,,0,70.0,2,1.79,,,,,,,,0.0,,,,,,,,,,,,,,,,,,,,,,,,,,,67.0
20150911,31.51912568306011,1670.3700506849316,,0,70.0,2,1.79,,,,,,,,0.0,,,,,,,,,,,,,,,,,,,,,,,,,,,67.0
20150912,31.52185792349727,1670.3515438356164,,0,70.0,2,1.79,,,,,,,,0.0,,,,,,,,,,,,,,,,,,,,,,,,,,,67.0
20150913,31.524590163934427,1670.3330369863015,,0,70.0,2,1.79,,,,,,,,0.0,,,,,,,,,,,,,,,,,,,,,,,,,,,67.0
20150914,31.527322404371585,1670.3145301369864,,0,70.0,2,1.79,,,,,,,,0.0,,,,,,,,,,,,,,,,,,,,,,,,,,,67.0
20150915,31.530054644808743,1670.2960232876712,,0,70.0,2,1.79,,,,,,,,0.0,,,,,,,,,,,,,,,,,,,,,,,,,,,67.0
20150916,31.5327868852459,1670.2775164383563,,0,70.0,2,1.79,,,,,,,,0.0,,,,,,,,,,,,,,,,,,,,,,,,,,,67.0
20150917,31.53551912568306,1670.2590095890412,,0,70.0,2,1.79,,,,,,,,0.0,,,,,,,,,,,,,,,,,,,,,,,,,,,67.0
20150918,31.538251366120218,1670.240502739726,,0,70.0,2,1.79,,,,,,,,0.0,,,,,,,,,,,,,,,,,,,,,,,,,,,67.0
20150919,31.540983606557376,1670.221995890411,,0,70.0,2,1.79,,,,,,,,0.0,,,,,,,,,,,,,,,,,,,,,,,,,,,67.0
20150920,31.543715846994537,1670.203489041096,,0,70.0,2,1.79,,,,,,,,0.0,,,,,,,,,,,,,,,,,,,,,,,,,,,67.0
20150921,31.546448087431695,1670.1849821917808,,0,70.0,2,1.79,,,,,,,,0.0,,,,,,,,,,,,,,,,,,,,,,,,,,,67.0
20150922,31.549180327868854,1670.166475342466,,0,70.0,2,1.79,,,,,,,,0.0,,,,,,,,,,,,,,,,,,,,,,,,,,,67.0
20150923,31.55191256830601,1670.1479684931508,,0,70.0,2,1.79,,,,,,,,0.0,,,,,,,,,,,,,,,,,,,,,,,,,,,67.0
20150924,31.55464480874317,1670.1294616438356,,0,70.0,2,1.79,,,,,,,,0.0,,,,,,,,,,,,,,,,,,,,,,,,,,,67.0
20150925,31.557377049180328,1670.1109547945207,,0,70.0,2,1.79,,,,,,,,0.0,,,,,,,,,,,,,,,,,,,,,,,,,,,67.0
20150926,31.560109289617486,1670.0924479452055,,0,70.0,2,1.79,,,,,,,,0.0,,,,,,,,,,,,,,,,,,,,,,,,,,,67.0
20150927,31.562841530054644,1670.0739410958904,,0,70.0,2,1.79,,,,,,,,0.0,,,,,,,,,,,,,,,,,,,,,,,,,,,67.0
20150928,31.565573770491802,1670.0554342465755,,0,70.0,2,1.79,,,,,,,,0.0,,,,,,,,,,,,,,,,,,,,,,,,,,,67.0
20150929,31.56830601092896,1670.0369273972603,,0,70.0,2,1.79,,,,,,,,0.0,,,,,,,,,,,,,,,,,,,,,,,,,,,67.0
20150930,31.57103825136612,1670.0184205479452,,0,70.0,2,1.79,,,,,,,,0.0,,,,,,,,,,,,,,,,,,,,,,,,,,,67.0
20151001,31.57377049180328,1669.9999136986303,,0,70.0,2,1.79,,,,,,,,0.0,,,,,,,,,,,,,,,,,,,,,,,,,,,67.0
20151002,31.57650273224044,1669.9814068493151,,0,70.0,2,1.79,,,,,,,,0.0,,,,,,,,,,,,,,,,,,,,,,,,,,,67.0
20151003,31.579234972677597,1669.9629,,0,70.0,2,1.79,,,,,,,,0.0,,,,,,,,,,,,,,,,,,,,,,,,,,,67.0
20151004,31.581967213114755,1669.944393150685,,0,70.0,2,1.79,,,,,,,,0.0,,,,,,,,,,,,,,,,,,,,,,,,,,,67.0
20151005,31.584699453551913,1669.92588630137,,0,70.0,2,1.79,,,,,,,,0.0,,,,,,,,,,,,,,,,,,,,,,,,,,,67.0
20151006,31.58743169398907,1669.9073794520548,,0,70.0,2,1.79,,,,,,,,0.0,,,,,,,,,,,,,,,,,,,,,,,,,,,67.0
20151007,31.59016393442623,1669.8888726027399,,0,70.0,2,1.79,,,,,,,,0.0,,,,,,,,,,,,,,,,,,,,,,,,,,,67.0
20151008,31.592896174863387,1669.8703657534247,,0,70.0,2,1.79,,,,,,,,0.0,,,,,,,,,,,,,,,,,,,,,,,,,,,67.0
20151009,31.595628415300546,1669.8518589041096,,0,70.0,2,1.79,,,,,,,,0.0,,,,,,,,,,,,,,,,,,,,,,,,,,,67.0
20151010,31.598360655737704,1669.8333520547947,,0,70.0,2,1.79,,,,,,,,0.0,,,,,,,,,,,,,,,,,,,,,,,,,,,67.0
20151011,31.601092896174862,1669.8148452054795,,0,70.0,2,1.79,,,,,,,,0.0,,,,,,,,,,,,,,,,,,,,,,,,,,,67.0
20151012,31.603825136612024,1669.7963383561644,,0,70.0,2,1.79,,,,,,,,0.0,,,,,,,,,,,,,,,,,,,,,,,,,,,67.0
20151013,31.60655737704918,1669.7778315068495,,0,70.0,2,1.79,,,,,,,,0.0,,,,,,,,,,,,,,,,,,,,,,,,,,,67.0
20151014,31.60928961748634,1669.7593246575343,,0,70.0,2,1.79,,,,,,,,0.0,,,,,,,,,,,,,,,,,,,,,,,,,,,67.0
20151015,31.612021857923498,1669.7408178082192,,0,70.0,2,1.79,,,,,,,,0.0,,,,,,,,,,,,,,,,,,,,,,,,,,,67.0
20151016,31.614754098360656,1669.7223109589042,,0,70.0,2,1.79,,,,,,,,0.0,,,,,,,,,,,,,,,,,,,,,,,,,,,67.0
20151017,31.617486338797814,1669.703804109589,,0,70.0,2,1.79,,,,,,,,0.0,,,,,,,,,,,,,,,,,,,,,,,,,,,67.0
20151018,31.620218579234972,1669.685297260274,,0,70.0,2,1.79,,,,,,,,0.0,,,,,,,,,,,,,,,,,,,,,,,,,,,67.0
20151019,31.62295081967213,1669.666790410959,,0,70.0,2,1.79,,,,,,,,0.0,,,,,,,,,,,,,,,,,,,,,,,,,,,67.0
20151020,31.62568306010929,1669.648283561644,,0,70.0,2,1.79,,,,,,,,0.0,,,,,,,,,,,,,,,,,,,,,,,,,,,67.0
20151021,31.628415300546447,1669.6297767123287,,0,70.0,2,1.79,,,,,,,,0.0,,,,,,,,,,,,,,,,,,,,,,,,,,,67.0
20151022,31.631147540983605,1669.6112698630138,,0,70.0,2,1.79,,,,,,,,0.0,,,,,,,,,,,,,,,,,,,,,,,,,,,67.0
20151023,31.633879781420767,1669.5927630136987,,0,70.0,2,1.79,,,,,,,,0.0,,,,,,,,,,,,,,,,,,,,,,,,,,,67.0
20151024,31.636612021857925,1669.5742561643838,,0,70.0,2,1.79,,,,,,,,0.0,,,,,,,,,,,,,,,,,,,,,,,,,,,67.0
20151025,31.639344262295083,1669.5557493150686,,0,70.0,2,1.79,,,,,,,,0.0,,,,,,,,,,,,,,,,,,,,,,,,,,,67.0
20151026,31.64207650273224,1669.5372424657535,,0,70.0,2,1.79,,,,,,,,0.0,,,,,,,,,,,,,,,,,,,,,,,,,,,67.0
20151027,31.6448087431694,1669.5187356164383,,0,70.0,2,1.79,,,,,,,,0.0,,,,,,,,,,,,,,,,,,,,,,,,,,,67.0
20151028,31.647540983606557,1669.5002287671234,,0,70.0,2,1.79,,,,,,,,0.0,,,,,,,,,,,,,,,,,,,,,,,,,,,67.0
20151029,31.650273224043715,1669.4817219178083,,0,70.0,2,1.79,,,,,,,,0.0,,,,,,,,,,,,,,,,,,,,,,,,,,,67.0
20151030,31.653005464480874,1669.4632150684931,,0,70.0,2,1.79,,,,,,,,0.0,,,,,,,,,,,,,,,,,,,,,,,,,,,67.0
20151031,31.65573770491803,1669.4447082191782,,0,70.0,2,1.79,,,,,,,,0.0,,,,,,,,,,,,,,,,,,,,,,,,,,,67.0
20151101,31.65846994535519,1669.426201369863,,0,70.0,2,1.79,,,,,,,,0.0,,,,,,,,,,,,,,,,,,,,,,,,,,,67.0
20151102,31.661202185792348,1669.407694520548,,0,70.0,2,1.79,,,,,,,,0.0,,,,,,,,,,,,,,,,,,,,,,,,,,,67.0
20151103,31.66393442622951,1669.389187671233,,0,70.0,2,1.79,,,,,,,,0.0,,,,,,,,,,,,,,,,,,,,,,,,,,,67.0
20151104,31.666666666666668,1669.3706808219179,,0,70.0,2,1.79,,,,,,,,0.0,,,,,,,,,,,,,,,,,,,,,,,,,,,67.0
20151105,31.669398907103826,1669.352173972603,,0,70.0,2,1.79,,,,,,,,0.0,,,,,,,,,,,,,,,,,,,,,,,,,,,67.0
20151106,31.672131147540984,1669.3336671232878,,0,70.0,2,1.79,,,,,,,,0.0,,,,,,,,,,,,,,,,,,,,,,,,,,,67.0
20151107,31.674863387978142,1669.3151602739727,,0,70.0,2,1.79,,,,,,,,0.0,,,,,,,,,,,,,,,,,,,,,,,,,,,67.0
20151108,31.6775956284153,1669.2966534246575,,0,70.0,2,1.79,,,,,,,,0.0,,,,,,,,,,,,,,,,,,,,,,,,,,,67.0
20151109,31.68032786885246,1669.2781465753426,,0,70.0,2,1.79,,,,,,,,0.0,,,,,,,,,,,,,,,,,,,,,,,,,,,67.0
20151110,31.683060109289617,1669.2596397260274,,0,70.0,2,1.79,,,,,,,,0.0,,,,,,,,,,,,,,,,,,,,,,,,,,,67.0
20151111,31.685792349726775,1669.2411328767125,,0,70.0,2,1.79,,,,,,,,0.0,,,,,,,,,,,,,,,,,,,,,,,,,,,67.0
20151112,31.688524590163933,1669.2226260273974,,0,70.0,2,1.79,,,,,,,,0.0,,,,,,,,,,,,,,,,,,,,,,,,,,,67.0
20151113,31.69125683060109,1669.2041191780822,,0,70.0,2,1.79,,,,,,,,0.0,,,,,,,,,,,,,,,,,,,,,,,,,,,67.0
20151114,31.693989071038253,1669.185612328767,,0,70.0,2,1.79,,,,,,,,0.0,,,,,,,,,,,,,,,,,,,,,,,,,,,67.0
20151115,31.69672131147541,1669.1671054794522,,0,70.0,2,1.79,,,,,,,,0.0,,,,,,,,,,,,,,,,,,,,,,,,,,,67.0
20151116,31.69945355191257,1669.148598630137,,0,70.0,2,1.79,,,,,,,,0.0,,,,,,,,,,,,,,,,,,,,,,,,,,,67.0
20151117,31.702185792349727,1669.130091780822,,0,70.0,2,1.79,,,,,,,,0.0,,,,,,,,,,,,,,,,,,,,,,,,,,,67.0
20151118,31.704918032786885,1669.111584931507,,0,70.0,2,1.79,,,,,,,,0.0,,,,,,,,,,,,,,,,,,,,,,,,,,,67.0
20151119,31.707650273224044,1669.0930780821918,,0,70.0,2,1.79,,,,,,,,0.0,,,,,,,,,,,,,,,,,,,,,,,,,,,67.0
20151120,31.7103825136612,1669.0745712328767,,0,70.0,2,1.79,,,,,,,,0.0,,,,,,,,,,,,,,,,,,,,,,,,,,,67.0
20151121,31.71311475409836,1669.0560643835618,,0,70.0,2,1.79,,,,,,,,0.0,,,,,,,,,,,,,,,,,,,,,,,,,,,67.0
20151122,31.715846994535518,1669.0375575342466,,0,70.0,2,1.79,,,,,,,,0.0,,,,,,,,,,,,,,,,,,,,,,,,,,,67.0
20151123,31.718579234972676,1669.0190506849317,,0,70.0,2,1.79,,,,,,,,0.0,,,,,,,,,,,,,,,,,,,,,,,,,,,67.0
20151124,31.721311475409838,1669.0005438356166,,0,70.0,2,1.79,,,,,,,,0.0,,,,,,,,,,,,,,,,,,,,,,,,,,,67.0
20151125,31.724043715846996,1668.9820369863014,,0,70.0,2,1.79,,,,,,,,0.0,,,,,,,,,,,,,,,,,,,,,,,,,,,67.0
20151126,31.726775956284154,1668.9635301369863,,0,70.0,2,1.79,,,,,,,,0.0,,,,,,,,,,,,,,,,,,,,,,,,,,,67.0
20151127,31.729508196721312,1668.9450232876713,,0,70.0,2,1.79,,,,,,,,0.0,,,,,,,,,,,,,,,,,,,,,,,,,,,67.0
20151128,31.73224043715847,1668.9265164383562,,0,70.0,2,1.79,,,,,,,,0.0,,,,,,,,,,,,,,,,,,,,,,,,,,,67.0
20151129,31.73497267759563,1668.9080095890413,,0,70.0,2,1.79,,,,,,,,0.0,,,,,,,,,,,,,,,,,,,,,,,,,,,67.0
20151130,31.737704918032787,1668.8895027397261,,0,70.0,2,1.79,,,,,,,,0.0,,,,,,,,,,,,,,,,,,,,,,,,,,,67.0
20151201,31.740437158469945,1668.870995890411,,0,70.0,2,1.79,,,,,,,,0.0,,,,,,,,,,,,,,,,,,,,,,,,,,,67.0
20151202,31.743169398907103,1668.8524890410959,,0,70.0,2,1.79,,,,,,,,0.0,,,,,,,,,,,,,,,,,,,,,,,,,,,67.0
20151203,31.74590163934426,1668.833982191781,,0,70.0,2,1.79,,,,,,,,0.0,,,,,,,,,,,,,,,,,,,,,,,,,,,67.0
20151204,31.74863387978142,1668.8154753424658,,0,70.0,2,1.79,,,,,,,,0.0,,,,,,,,,,,,,,,,,,,,,,,,,,,67.0
20151205,31.75136612021858,1668.7969684931509,,0,70.0,2,1.79,,,,,,,,0.0,,,,,,,,,,,,,,,,,,,,,,,,,,,67.0
20151206,31.75409836065574,1668.7784616438357,,0,70.0,2,1.79,,,,,,,,0.0,,,,,,,,,,,,,,,,,,,,,,,,,,,67.0
20151207,31.756830601092897,1668.7599547945206,,0,70.0,2,1.79,,,,,,,,0.0,,,,,,,,,,,,,,,,,,,,,,,,,,,67.0
20151208,31.759562841530055,1668.7414479452054,,0,70.0,2,1.79,,,,,,,,0.0,,,,,,,,,,,,,,,,,,,,,,,,,,,67.0
20151209,31.762295081967213,1668.7229410958905,,0,70.0,2,1.79,,,,,,,,0.0,,,,,,,,,,,,,,,,,,,,,,,,,,,67.0
20151210,31.76502732240437,1668.7044342465754,,0,70.0,2,1.79,,,,,,,,0.0,,,,,,,,,,,,,,,,,,,,,,,,,,,67.0
20151211,31.76775956284153,1668.6859273972605,,0,70.0,2,1.79,,,,,,,,0.0,,,,,,,,,,,,,,,,,,,,,,,,,,,67.0
20151212,31.770491803278688,1668.6674205479453,,0,70.0,2,1.79,,,,,,,,0.0,,,,,,,,,,,,,,,,,,,,,,,,,,,67.0
20151213,31.773224043715846,1668.6489136986302,,0,70.0,2,1.79,,,,,,,,0.0,,,,,,,,,,,,,,,,,,,,,,,,,,,67.0
20151214,31.775956284153004,1668.630406849315,,0,70.0,2,1.79,,,,,,,,0.0,,,,,,,,,,,,,,,,,,,,,,,,,,,67.0
20151215,31.778688524590162,1668.6119,,0,70.0,2,1.79,,,,,,,,0.0,,,,,,,,,,,,,,,,,,,,,,,,,,,67.0
20151216,31.781420765027324,1668.593393150685,,0,70.0,2,1.79,,,,,,,,0.0,,,,,,,,,,,,,,,,,,,,,,,,,,,67.0
20151217,31.784153005464482,1668.57488630137,,0,70.0,2,1.79,,,,,,,,0.0,,,,,,,,,,,,,,,,,,,,,,,,,,,67.0
20151218,31.78688524590164,1668.556379452055,,0,70.0,2,1.79,,,,,,,,0.0,,,,,,,,,,,,,,,,,,,,,,,,,,,67.0
20151219,31.7896174863388,1668.5378726027398,,0,70.0,2,1.79,,,,,,,,0.0,,,,,,,,,,,,,,,,,,,,,,,,,,,67.0
20151220,31.792349726775956,1668.5193657534246,,0,70.0,2,1.79,,,,,,,,0.0,,,,,,,,,,,,,,,,,,,,,,,,,,,67.0
20151221,31.795081967213115,1668.5008589041097,,0,70.0,2,1.79,,,,,,,,0.0,,,,,,,,,,,,,,,,,,,,,,,,,,,67.0
20151222,31.797814207650273,1668.4823520547945,,0,70.0,2,1.79,,,,,,,,0.0,,,,,,,,,,,,,,,,,,,,,,,,,,,67.0
20151223,31.80054644808743,1668.4638452054796,,0,70.0,2,1.79,,,,,,,,0.0,,,,,,,,,,,,,,,,,,,,,,,,,,,67.0
20151224,31.80327868852459,1668.4453383561645,,0,70.0,2,1.79,,,,,,,,0.0,,,,,,,,,,,,,,,,,,,,,,,,,,,67.0
20151225,31.806010928961747,1668.4268315068493,,0,70.0,2,1.79,,,,,,,,0.0,,,,,,,,,,,,,,,,,,,,,,,,,,,67.0
20151226,31.80874316939891,1668.4083246575344,,0,70.0,2,1.79,,,,,,,,0.0,,,,,,,,,,,,,,,,,,,,,,,,,,,67.0
20151227,31.811475409836067,1668.3898178082193,,0,70.0,2,1.79,,,,,,,,0.0,,,,,,,,,,,,,,,,,,,,,,,,,,,67.0
20151228,31.814207650273225,1668.3713109589041,,0,70.0,2,1.79,,,,,,,,0.0,,,,,,,,,,,,,,,,,,,,,,,,,,,67.0
20151229,31.816939890710383,1668.3528041095892,,0,70.0,2,1.79,,,,,,,,0.0,,,,,,,,,,,,,,,,,,,,,,,,,,,67.0
20151230,31.81967213114754,1668.334297260274,,0,70.0,2,1.79,,,,,,,,0.0,,,,,,,,,,,,,,,,,,,,,,,,,,,67.0
20151231,31.8224043715847,1668.315790410959,,0,70.0,2,1.79,,,,,,,,0.0,,,,,,,,,,,,,,,,,,,,,,,,,,,67.0
